WKT,LATITUDE_DD,LONGITUDE_DD
NIAGARA,43.2225,79.4453
NIAGARA,43.2228,79.4467
NIAGARA,43.2233,79.4467
NIAGARA,43.2239,79.4453
NIAGARA,43.2244,79.2728
NIAGARA,43.2253,79.2719
NIAGARA,43.2256,79.2708
NIAGARA,43.2258,79.2711
NIAGARA,43.2283,79.2683
NIAGARA,43.2542,79.1944
NIAGARA,43.255,79.1942
NIAGARA,43.255,79.1942
NIAGARA,43.2553,79.1944
NIAGARA,43.2678,79.6197
NIAGARA,43.2683,79.6203
NIAGARA,43.2683,79.6206
NIAGARA,43.2683,79.6219
NIAGARA,43.2694,79.6172
HAMILTON HALTON,43.2786,79.8728
HAMILTON HALTON,43.28,79.8736
HAMILTON HALTON,43.2806,79.8717
HAMILTON HALTON,43.2808,79.8717
HAMILTON HALTON,43.2856,79.7942
HAMILTON HALTON,43.2858,79.7939
HAMILTON HALTON,43.2864,79.7942
HAMILTON HALTON,43.2867,79.8428
HAMILTON HALTON,43.2869,79.7975
HAMILTON HALTON,43.2869,79.8419
HAMILTON HALTON,43.2872,79.8417
HAMILTON HALTON,43.2878,79.8425
HAMILTON HALTON,43.2881,79.8417
HAMILTON HALTON,43.3042,79.8142
HAMILTON HALTON,43.3044,79.8142
HAMILTON HALTON,43.305,79.8147
HAMILTON HALTON,43.305,79.815
HAMILTON HALTON,43.3122,79.7522
HAMILTON HALTON,43.3128,79.7514
HAMILTON HALTON,43.3128,79.7528
HAMILTON HALTON,43.3131,79.7519
HAMILTON HALTON,43.3133,79.7556
HAMILTON HALTON,43.4244,79.6575
HAMILTON HALTON,43.4247,79.6578
HAMILTON HALTON,43.425,79.6567
HAMILTON HALTON,43.4256,79.6578
PEEL,43.4661,79.5303
PEEL,43.4667,79.53
PEEL,43.4669,79.5297
PEEL,43.4669,79.5303
PEEL,43.5464,79.4881
PEEL,43.5464,79.4886
PEEL,43.5469,79.4881
TORONTO,43.5833,79.3108
TORONTO,43.5836,79.3114
TORONTO,43.5842,79.3117
TORONTO,43.5844,79.3122
TORONTO,43.5844,79.395
TORONTO,43.5853,79.3122
TORONTO,43.5864,79.3931
TORONTO,43.5867,79.395
TORONTO,43.5875,79.3956
TORONTO,43.6228,79.4531
TORONTO,43.6228,79.4531
TORONTO,43.6231,79.4533
TORONTO,43.6236,79.4544
TORONTO,43.6314,79.3792
TORONTO,43.6319,79.3792
TORONTO,43.6322,79.3781
TORONTO,43.6325,79.3789
TORONTO,43.6358,79.3664
TORONTO,43.6364,79.3658
TORONTO,43.6378,79.3606
TORONTO,43.6381,79.36
TORONTO,43.6681,79.2653
TORONTO,43.6681,79.2667
TORONTO,43.6683,79.2675
TORONTO,43.7489,79.0831
TORONTO,43.7497,79.0822
TORONTO,43.7506,79.0844
PRINCE EDWARD COUNTY,43.7861,77.1581
PRINCE EDWARD COUNTY,43.7864,77.1569
PRINCE EDWARD COUNTY,43.7867,77.1575
PRINCE EDWARD COUNTY,43.7867,77.1581
DURHAM,43.8294,78.8706
DURHAM,43.8297,78.6644
DURHAM,43.8297,78.8711
DURHAM,43.83,78.6611
DURHAM,43.83,78.6622
DURHAM,43.83,78.6644
DURHAM,43.8303,78.8703
PRINCE EDWARD COUNTY,43.8794,77
DURHAM,43.8867,78.46
DURHAM,43.8867,78.4611
DURHAM,43.8869,78.46
NORTHHUMBERLAND,43.9194,78.3061
NORTHHUMBERLAND,43.9197,78.3064
NORTHHUMBERLAND,43.9203,78.3072
NORTHHUMBERLAND,43.9203,78.3081
NORTHHUMBERLAND,43.9492,78.0486
NORTHHUMBERLAND,43.9494,78.0506
NORTHHUMBERLAND,43.9497,78.0514
NORTHHUMBERLAND,43.9503,78.0494
PRINCE EDWARD COUNTY,43.9511,77.5883
PRINCE EDWARD COUNTY,43.9514,77.5869
PRINCE EDWARD COUNTY,43.9517,77.5881
PRINCE EDWARD COUNTY,44.0003,76.8436
LENNOX ADDINGTON,44.0653,76.8114
LENNOX ADDINGTON,44.0656,76.8111
LENNOX ADDINGTON,44.0661,76.8106
LENNOX ADDINGTON,44.0667,76.8114
LENNOX ADDINGTON,44.1364,76.8236
LENNOX ADDINGTON,44.1364,76.8261
LENNOX ADDINGTON,44.1403,76.6117
LENNOX ADDINGTON,44.1408,76.6103